-- MySQL dump 10.13  Distrib 8.0.28, for Win64 (x86_64)
--
-- Host: localhost    Database: assignment1
-- ------------------------------------------------------
-- Server version	8.0.28

/*!40101 SET @OLD_CHARACTER_SET_CLIENT=@@CHARACTER_SET_CLIENT */;
/*!40101 SET @OLD_CHARACTER_SET_RESULTS=@@CHARACTER_SET_RESULTS */;
/*!40101 SET @OLD_COLLATION_CONNECTION=@@COLLATION_CONNECTION */;
/*!50503 SET NAMES utf8 */;
/*!40103 SET @OLD_TIME_ZONE=@@TIME_ZONE */;
/*!40103 SET TIME_ZONE='+00:00' */;
/*!40014 SET @OLD_UNIQUE_CHECKS=@@UNIQUE_CHECKS, UNIQUE_CHECKS=0 */;
/*!40014 SET @OLD_FOREIGN_KEY_CHECKS=@@FOREIGN_KEY_CHECKS, FOREIGN_KEY_CHECKS=0 */;
/*!40101 SET @OLD_SQL_MODE=@@SQL_MODE, SQL_MODE='NO_AUTO_VALUE_ON_ZERO' */;
/*!40111 SET @OLD_SQL_NOTES=@@SQL_NOTES, SQL_NOTES=0 */;

--
-- Table structure for table `author`
--
USE assignment1;
DROP TABLE IF EXISTS `author`;
/*!40101 SET @saved_cs_client     = @@character_set_client */;
/*!50503 SET character_set_client = utf8mb4 */;
CREATE TABLE `author` (
  `Auther_ID` int NOT NULL AUTO_INCREMENT,
  `First_Name` varchar(50) DEFAULT NULL,
  `Last_Name` varchar(50) DEFAULT NULL,
  `Nationality` varchar(50) DEFAULT NULL,
  PRIMARY KEY (`Auther_ID`)
) ENGINE=InnoDB AUTO_INCREMENT=307 DEFAULT CHARSET=utf8mb4 COLLATE=utf8mb4_0900_ai_ci;
/*!40101 SET character_set_client = @saved_cs_client */;

--
-- Dumping data for table `author`
--

LOCK TABLES `author` WRITE;
/*!40000 ALTER TABLE `author` DISABLE KEYS */;
INSERT INTO `author` VALUES (1,'J.K.','Rowling','British'),(2,'W.','Frederick','British'),(3,'Douglas','Adams','British'),(5,'Bill','Bryson','British'),(6,'J.R.R.','Tolkien','British'),(7,'Chris','nat','American'),(9,'Jude','Fisher','British'),(10,'Dave','Thomas','American'),(11,'Gary','Paulsen','American'),(13,'Donna','Ickes','American'),(14,'Molly','Hatchet','American'),(15,'Dale','Peck','American'),(16,'Angela','Knight','American'),(18,'Delia','Sherman','American'),(19,'Patricia','A.','American'),(20,'Zilpha','Keatley','American'),(22,'Kate','Horsley','American'),(23,'Philippa','Carr','American'),(24,'Edward','P.','American'),(26,'Satyajit','Das','American'),(27,'Mark','Smylie','American'),(28,'John','McPhee','British'),(29,'Wendy','Wasserstein','British'),(31,'Heidi','Hayes','British'),(32,'Heidi','Boyd','British'),(33,'Heidi','Baker','Italian'),(35,'Johanna','Spyri','British'),(36,'Rolland','Baker','American'),(37,'Heidi','Murkoff','American'),(39,'Heidi','Fleiss','Italian'),(40,'Frank','Herbert','American'),(41,'Brian','Herbert','American'),(42,'Gary','Russell','American'),(44,'Bryce','Courtenay','American'),(45,'John','C.','American'),(46,'Dave','Lakhani','American'),(48,'Louis','E.','American'),(49,'Adam','Ginsberg','American'),(50,'Marsha','Collier','American'),(52,'Chris','Malta','Arab'),(53,'Julia','Wilkinson','Turkish'),(54,'Lucas','Carlson','Arab'),(55,'Ruby','Ann','American'),(57,'Rob','Orsini','American'),(58,'Leo','Tolstoy','American'),(59,'Marianne','Sturman','American'),(61,'Gloria','Goldreich','American'),(62,'Anthony','Thorlby','American'),(63,'Mulk','Raj','American'),(65,'John','Banville','American'),(66,'Eliot','Ness','American'),(67,'Narendra','Jadhav','American'),(68,'V.T.','Rajshekar','American'),(70,'Vasant','Moon','American'),(71,'Barry','R.','American'),(72,'John','Carratello','Irish'),(74,'George','Smoot','Irish'),(75,'Madeleine','L\'Engle','Irish'),(76,'Tara','MacCarthy','Irish'),(78,'Cynthia','Harrod-Eagles','Irish'),(79,'Charles','Todd','Irish'),(80,'Ewan','McGregor','Irish'),(81,'Daniel','Abraham','French'),(83,'Charles','Willeford','French'),(84,'Tom','Wolfe','French'),(85,'Edward','Lear','French'),(87,'Quentin','Blake','French'),(88,'Henry','Miller','French'),(89,'Henry','James','French'),(91,'Marguerite','Duras','French'),(92,'Kahlil','Gibran','French'),(93,'Jean','Gibran','French'),(94,'Goswami','Jaideva','American'),(95,'Foreman','John','British'),(96,'Hawking','Stephen','Italian'),(97,'Dubner','Stephen','French'),(98,'Said','Edward','American'),(99,'Vapnik','Vladimir','British'),(100,'Menon','V P','Italian'),(101,'Mlodinow','Leonard','French'),(102,'Shih','Frank','American'),(103,'Konnikova','Maria','British'),(104,'Sebastian','Gutierrez','Italian'),(105,'Vonnegut','Kurt','French'),(106,'Villani','Cedric','American'),(107,'Sussman','Gerald','British'),(108,'Eraly','Abraham','Italian'),(109,'Kafka','Frank','French'),(110,'Pratt','John','American'),(111,'Nisbet','Robert','British'),(112,'Wells','H. G.','Italian'),(113,'Heisenberg','Werner','French'),(114,'Oram','Andy','American'),(115,'Tao','Terence','British'),(116,'Conway','Drew','Italian'),(117,'Silver','Nate','French'),(118,'McKinney','Wes','American'),(119,'Cormen','Thomas','British'),(120,'Deb','Siddhartha','Italian'),(121,'Camus','Albert','French'),(122,'Doyle','Arthur Conan','American'),(123,'Doyle','Arthur Conan','British'),(124,'Smith','Adam','Italian'),(125,'Follett','Ken','French'),(126,'Hitler','Adolf','American'),(127,'Capra','Fritjof','British'),(128,'Feynman','Richard','Italian'),(129,'Hemingway','Ernest','French'),(130,'Forsyth','Frederick','American'),(131,'Archer','Jeffery','British'),(132,'Pausch','Randy','Italian'),(133,'Rand','Ayn','French'),(134,'Crichton','Michael','American'),(135,'Steinbeck','John','British'),(136,'Poe','Edgar Allen','Italian'),(137,'Dubner','Stephen','French'),(138,'Capra','Fritjof','American'),(139,'Durant','Will','British'),(140,'Deshpande','P L','Italian'),(141,'Steinbeck','John','French'),(142,'Steinbeck','John','American'),(143,'Steinbeck','John','British'),(144,'Grisham','John','Italian'),(145,'Naipaul','V. S.','French'),(146,'Heller','Joseph','American'),(147,'BBC','bbc','British'),(148,'Dylan','Bob','Italian'),(149,'Gupta','Madan','French'),(150,'Stonier','Alfred','American'),(151,'Greene','W. H.','British'),(152,'Bradsky','Gary','Italian'),(153,'Tanenbaum','Andrew','French'),(154,'Forsyth','David','American'),(155,'Taub','Schilling','British'),(156,'Kanetkar','Yashwant','Italian'),(157,'Stroud','Jonathan','French'),(158,'Dostoevsky','Fyodor','American'),(159,'Brown','Dan','British'),(160,'Sen','Amartya','Italian'),(161,'Ghosh','Amitav','French'),(162,'Sen','Amartya','American'),(163,'Hansberry','Lorraine','British'),(164,'Woodward','Bob','Italian'),(165,'Archer','Jeffery','French'),(166,'Nayar','Kuldip','American'),(167,'Deshpande','Sunita','British'),(168,'Dalrymple','William','Italian'),(169,'Various','Various','French'),(170,'Deshpande','P L','American'),(171,'Deshpande','P L','British'),(172,'Deshpande','P L','Italian'),(173,'Garg','Sanjay','French'),(174,'Garg','Sanjay','American'),(175,'Kale','V P','British'),(176,'Tharoor','Shashi','Italian'),(177,'Garg','Sanjay','French'),(178,'Tharoor','Shashi','American'),(179,'Lapierre','Dominique','British'),(180,'Lapierre','Dominique','Italian'),(181,'Lapierre','Dominique','French'),(182,'Steinbeck','John','American'),(183,'Russell','Bertrand','British'),(184,'Harris','Sam','Italian'),(185,'Tharoor','Shashi','French'),(186,'Gardner','Earle Stanley','American'),(187,'Hawking','Stephen','British'),(188,'Drucker','Peter','Italian'),(189,'Bodanis','David','French'),(190,'Hugo','Victor','American'),(191,'Steinbeck','John','British'),(192,'Drucker','Peter','Italian'),(193,'Gordon','Richard','French'),(194,'Orwell','George','American'),(195,'Sen','Amartya','British'),(196,'Dalrymple','William','Italian'),(197,'Garg','Sanjay','French'),(198,'Iacoca','Lee','American'),(199,'Maugham','William S','British'),(200,'Forsyth','Frederick','Italian'),(201,'Maugham','William S','French'),(202,'Pirsig','Robert','American'),(203,'Fisk','Robert','British'),(204,'Rand','Ayn','Italian'),(205,'Aczel','Amir','French'),(206,'Russell','Bertrand','American'),(207,'Garg','Sanjay','British'),(208,'Sen','Amartya','Italian'),(209,'Huntington','Samuel','French'),(210,'Capra','Fritjof','American'),(211,'Bach','Richard','British'),(212,'Garg','Sanjay','Italian'),(213,'Braithwaite','waite','French'),(214,'Naipaul','V S','American'),(215,'Nehru','Jawaharlal','British'),(216,'Deshpande','P L','Italian'),(217,'Russell','Bertrand','French'),(218,'Forsyth','Frederick','American'),(219,'Woodward','Bob','British'),(220,'Deshpande','P L','Italian'),(221,'Durrell','Gerald','French'),(222,'Maugham','William S','American'),(223,'Garg','Sanjay','British'),(224,'Wells','H G','Italian'),(225,'Maugham','William S','French'),(226,'Gordon','Richard','American'),(227,'Singh','Simon','British'),(228,'Duda','Hart','Italian'),(229,'Friedman','Thomas','French'),(230,'Singh','Simon','American'),(231,'Fisk','Robert','British'),(232,'Orwell','George','Italian'),(233,'Sen','Amartya','French'),(234,'Dalrymple','William','American'),(235,'Garg','Sanjay','British'),(236,'Iacoca','Lee','Italian'),(237,'Maugham','William S','French'),(238,'Forsyth','Frederick','American'),(239,'Maugham','William S','British'),(240,'Pirsig','Robert','Italian'),(241,'Fisk','Robert','French'),(242,'Rand','Ayn','American'),(243,'Aczel','Amir','British'),(244,'Russell','Bertrand','Italian'),(245,'Garg','Sanjay','French'),(246,'Sen','Amartya','American'),(247,'Huntington','Samuel','British'),(248,'Capra','Fritjof','Italian'),(249,'Bach','Richard','French'),(250,'Garg','Sanjay','American'),(251,'Braithwaite','waite','British'),(252,'Naipaul','V S','Italian'),(253,'Nehru','Jawaharlal','French'),(254,'Deshpande','P L','American'),(255,'Russell','Bertrand','British'),(256,'Forsyth','Frederick','Italian'),(257,'Woodward','Bob','French'),(258,'Deshpande','P L','American'),(259,'Durrell','Gerald','British'),(260,'Maugham','William S','Italian'),(261,'Garg','Sanjay','French'),(262,'Wells','H G','American'),(263,'Maugham','William S','British'),(264,'Gordon','Richard','Italian'),(265,'Singh','Simon','French'),(266,'Duda','Hart','American'),(267,'Raymond','Eric','British'),(268,'Franco','Sergio','Italian'),(269,'Downey','Allen','French'),(270,'West','Morris','American'),(271,'Rand','Ayn','British'),(272,'Rand','Ayn','Italian'),(273,'Rand','Ayn','French'),(274,'Janert','Phillip','American'),(275,'Sagan','Carl','British'),(276,'Bell','E T','Italian'),(277,'Dawkins','Richard','French'),(278,'Ranjan','Sudhanshu','American'),(279,'Rand','Ayn','British'),(280,'Rand','Ayn','Italian'),(281,'Rand','Ayn','French'),(282,'Rand','Ayn','American'),(283,'Zaidi','Hussain','British'),(284,'Ackroyd','Peter','Italian'),(285,'Dalrymple','William','French'),(286,'Dalrymple','William','American'),(287,'Sassoon','Jean','British'),(288,'Dickinson','Peter','Italian'),(289,'Brown','Dan','French'),(290,'Dalrymple','William','American'),(291,'Dalrymple','William','British'),(292,'Dalrymple','William','Italian'),(293,'Huxley','Aldous','French'),(294,'Rowling','J K','American'),(295,'Larsson','Steig','British'),(296,'Larsson','Steig','Italian'),(297,'Larsson','Steig','French'),(298,'Huxley','Aldous','American'),(299,'Huxley','Aldous','British'),(300,'Tao','Terence','Italian'),(301,'Eddins','Steve','French'),(302,'Orwell','George','American'),(303,'Dostoevsky','Fyodor','British'),(304,'Dickens','Charles','Italian'),(305,'Peter','Grifin','American'),(306,'Hamond','Jakes','British');
/*!40000 ALTER TABLE `author` ENABLE KEYS */;
UNLOCK TABLES;

--
-- Table structure for table `book`
--

DROP TABLE IF EXISTS `book`;
/*!40101 SET @saved_cs_client     = @@character_set_client */;
/*!50503 SET character_set_client = utf8mb4 */;
CREATE TABLE `book` (
  `Book_ID` int NOT NULL AUTO_INCREMENT,
  `Book_Title` varchar(300) DEFAULT NULL,
  `Publication_Date` date DEFAULT NULL,
  `Numb_Page` int DEFAULT NULL,
  `Price` int DEFAULT NULL,
  `Publisher` varchar(50) DEFAULT NULL,
  `Language` varchar(45) DEFAULT NULL,
  `Genre` varchar(45) DEFAULT NULL,
  PRIMARY KEY (`Book_ID`)
) ENGINE=InnoDB AUTO_INCREMENT=437 DEFAULT CHARSET=utf8mb4 COLLATE=utf8mb4_0900_ai_ci;
/*!40101 SET character_set_client = @saved_cs_client */;

--
-- Dumping data for table `book`
--

LOCK TABLES `book` WRITE;
/*!40000 ALTER TABLE `book` DISABLE KEYS */;
INSERT INTO `book` VALUES (1,'Harry Potter and the Half-Blood Prince (Harry Potter  #6)','2006-09-16',652,978,'Scholastic Inc.','eng','Novel'),(2,'Harry Potter and the Order of the Phoenix (Harry Potter  #5)','2004-09-01',870,1305,'Scholastic Inc.','eng','Novel'),(3,'Harry Potter and the Chamber of Secrets (Harry Potter  #2)','2003-11-01',352,528,'Scholastic','eng','Novel'),(4,'Harry Potter and the Prisoner of Azkaban (Harry Potter  #3)','2004-05-01',435,653,'Scholastic Inc.','eng','Novel'),(5,'Harry Potter Boxed Set  Books 1-5 (Harry Potter  #1-5)','2004-09-13',2690,4035,'Scholastic','eng','Novel'),(6,'Unauthorized Harry Potter Book Seven News: \"Half-Blood Prince\" Analysis and Speculation','2005-04-26',152,228,'Nimble Books','en-US','Novel'),(7,'Harry Potter Collection (Harry Potter  #1-6)','2005-09-12',3342,5013,'Scholastic','eng','Novel'),(8,'Fundamentals of Wavelets','2006-09-16',228,296,'Wiley','en','tech'),(9,'Data Smart','2004-09-01',235,306,'Wiley','en','tech'),(10,'God Created the Integers','2003-11-01',197,256,'Penguin','en','tech'),(11,'Superfreakonomics','2004-05-01',179,233,'HarperCollins','en','science'),(12,'Orientalism','2004-09-13',197,256,'Penguin','en','nonfiction'),(13,'Nature of Statistical Learning Theory, The','2005-04-26',230,299,'Springer','en','tech'),(14,'Integration of the Indian States','2005-09-12',217,282,'Orient Blackswan','en','nonfiction'),(15,'Drunkard\'s Walk, The','2005-11-01',197,256,'Penguin','en','science'),(16,'Image Processing & Mathematical Morphology','2002-04-30',241,313,'CRC','en','tech'),(17,'How to Think Like Sherlock Holmes','2004-08-03',240,312,'Penguin','en','nonfiction'),(18,'Data Scientists at Work','2005-03-23',230,299,'Apress','en','tech'),(19,'Slaughterhouse Five','1996-01-17',198,257,'Random House','en','fiction'),(20,'Birth of a Theorem','2004-09-14',234,304,'Bodley Head','fr','science'),(21,'Structure & Interpretation of Computer Programs','2002-12-03',240,312,'MIT Press','en','tech'),(22,'Age of Wrath, The','2004-09-14',238,309,'Penguin','en','nonfiction'),(23,'Trial, The','2001-05-15',198,257,'Random House','en','fiction'),(24,'Statistical Decision Theory\'','2000-06-28',236,307,'MIT Press','en','tech'),(25,'Data Mining Handbook','1990-08-28',242,315,'Apress','en','tech'),(26,'New Machiavelli, The','1993-03-28',180,234,'Penguin','es','fiction'),(27,'Physics & Philosophy','1997-05-28',197,256,'Penguin','en','philosophy'),(28,'Making Software','1991-09-28',232,302,'O\'Reilly','en','tech'),(29,'Analysis, Vol I','2012-09-25',248,322,'HBA','en','tech'),(30,'Machine Learning for Hackers','2004-10-21',233,303,'O\'Reilly','en','tech'),(31,'Signal and the Noise, The','2003-09-05',233,303,'Penguin','en','tech'),(32,'Python for Data Analysis','2002-10-01',233,303,'O\'Reilly','en','tech'),(33,'Introduction to Algorithms','2003-11-05',234,304,'MIT Press','en','tech'),(34,'Beautiful and the Damned, The','2004-11-15',198,257,'Penguin','en','nonfiction'),(35,'Outsider, The','2005-07-28',198,257,'Penguin','en','Novel'),(36,'Complete Sherlock Holmes, The - Vol I','2000-04-01',176,229,'Random House','en','Novel'),(37,'Complete Sherlock Holmes, The - Vol II','1994-08-28',176,229,'Random House','en','Novel'),(38,'Wealth of Nations, The','2001-01-23',175,228,'Random House','en','Novel'),(39,'Pillars of the Earth, The','2003-06-10',176,229,'Random House','en','Novel'),(40,'Mein Kampf','2005-11-01',212,276,'Rupa','en','nonfiction'),(41,'Tao of Physics, The','2005-11-01',179,233,'Penguin','en','science'),(42,'Surely You\'re Joking Mr Feynman','2006-08-17',198,257,'Random House','fr','science'),(43,'Farewell to Arms, A','2003-04-14',179,233,'Rupa','en','fiction'),(44,'Veteran, The','2004-06-08',177,230,'Transworld','en','fiction'),(45,'False Impressions','2005-04-12',177,230,'Pan','en','fiction'),(46,'Last Lecture, The','1990-08-28',197,256,'Hyperion','en','nonfiction'),(47,'Return of the Primitive','2006-08-29',202,263,'Penguin','en','philosophy'),(48,'Jurassic Park','2004-06-15',174,226,'Random House','en','fiction'),(49,'Russian Journal, A','2004-06-15',196,255,'Penguin','en','nonfiction'),(50,'Tales of Mystery and Imagination','2006-05-15',172,224,'HarperCollins','en','fiction'),(51,'Freakonomics','2005-12-14',197,256,'Penguin','en','science'),(52,'Hidden Connections, The','1982-06-01',197,256,'HarperCollins','en','science'),(53,'Story of Philosophy, The','2006-05-16',170,221,'Pocket','en','philosophy'),(54,'Asami Asami','1986-04-01',205,267,'Mauj','en','fiction'),(55,'Journal of a Novel','1990-09-01',196,255,'Penguin','en','fiction'),(56,'Once There Was a War','1999-01-06',196,255,'Penguin','en','nonfiction'),(57,'Moon is Down, The','1991-04-01',196,255,'Penguin','en','fiction'),(58,'Brethren, The','1994-04-01',174,226,'Random House','en','fiction'),(59,'In a Free State','1994-04-01',196,255,'Rupa','en','fiction'),(60,'Catch 22','1987-11-01',178,231,'Random House','ar','fiction'),(61,'Complete Mastermind, The','2002-03-01',178,231,'BBC','en','nonfiction'),(62,'Dylan on Dylan','1991-07-02',197,256,'Random House','en','nonfiction'),(63,'Soft Computing & Intelligent Systems','2006-03-29',242,315,'Elsevier','en','tech'),(64,'Textbook of Economic Theory','2006-03-14',242,315,'Pearson','en','tech'),(65,'Econometric Analysis','2003-09-01',242,315,'Pearson','en','tech'),(66,'Learning OpenCV','1997-01-28',232,302,'O\'Reilly','en','tech'),(67,'Data Structures Using C & C++','2002-11-15',235,306,'Prentice Hall','en','tech'),(68,'Computer Vision, A Modern Approach','2004-11-15',255,332,'Pearson','en','tech'),(69,'Principles of Communication Systems','2003-04-28',240,312,'TMH','en','tech'),(70,'Let Us C','2003-10-16',213,277,'Prentice Hall','en','tech'),(71,'Amulet of Samarkand, The','2004-05-10',179,233,'Random House','en','fiction'),(72,'Crime and Punishment','2004-08-19',180,234,'Penguin','en','fiction'),(73,'Angels & Demons','1987-06-15',178,231,'Random House','en','fiction'),(74,'Argumentative Indian, The','1987-07-01',209,272,'Picador','en','nonfiction'),(75,'Sea of Poppies','1987-07-15',197,256,'Penguin','fr','fiction'),(76,'Idea of Justice, The','2004-07-01',212,276,'Penguin','en','philosophy'),(77,'Raisin in the Sun, A','1984-04-16',175,228,'Penguin','fr','fiction'),(78,'All the President\'s Men','2006-08-29',177,230,'Random House','en','nonfiction'),(79,'Prisoner of Birth, A','1987-08-15',176,229,'Pan','en','fiction'),(80,'Scoop!','2002-06-12',216,281,'HarperCollins','fr','nonfiction'),(81,'Ahe Manohar Tari','1996-09-29',213,277,'Mauj','en','nonfiction'),(82,'Last Mughal, The','2005-09-13',199,259,'Penguin','en','nonfiction'),(83,'Social Choice & Welfare, Vol 39 No. 1','2004-11-01',235,306,'Springer','en','tech'),(84,'Radiowaril Bhashane & Shrutika','2006-05-19',213,277,'Mauj','en','nonfiction'),(85,'Gun Gayin Awadi','2000-02-07',212,276,'Mauj','en','nonfiction'),(86,'Aghal Paghal','2005-05-03',212,276,'Mauj','en','nonfiction'),(87,'Maqta-e-Ghalib','2006-10-30',221,287,'Mauj','en','nonfiction'),(88,'Beyond Degrees','2006-01-24',222,289,'HarperCollins','en','philosophy'),(89,'Manasa','2004-09-17',213,277,'Mauj','en','nonfiction'),(90,'India from Midnight to Milennium','2006-06-06',198,257,'Penguin','en','nonfiction'),(91,'A Short History of Nearly Everything','2004-09-14',544,816,'Broadway Books','eng','tech'),(92,'Bill Bryson\'s African Diary','2002-12-03',55,83,'Broadway Books','eng','tech'),(93,'Bryson\'s Dictionary of Troublesome Words: A Writer\'s Guide to Getting It Right','2004-09-14',256,384,'Broadway Books','eng','tech'),(94,'In a Sunburned Country','2001-05-15',335,503,'Broadway Books','eng','science'),(95,'I\'m a Stranger Here Myself: Notes on Returning to America After Twenty Years Away','2000-06-28',304,456,'Broadway Books','eng','nonfiction'),(96,'The Lost Continent: Travels in Small Town America','1990-08-28',299,449,'William Morrow Paperbacks','eng','tech'),(97,'Neither Here nor There: Travels in Europe','1993-03-28',254,381,'William Morrow Paperbacks','eng','nonfiction'),(98,'Notes from a Small Island','1997-05-28',324,486,'William Morrow Paperbacks','eng','science'),(99,'The Mother Tongue: English and How It Got That Way','1991-09-28',270,405,'William Morrow Paperbacks','eng','tech'),(100,'J.R.R. Tolkien 4-Book Boxed Set: The Hobbit and The Lord of the Rings','2012-09-25',1728,2592,'Ballantine Books','eng','nonfiction'),(101,'The Lord of the Rings (The Lord of the Rings  #1-3)','2004-10-21',1184,1776,'Houghton Mifflin Harcourt','eng','Novel'),(102,'The Fellowship of the Ring (The Lord of the Rings  #1)','2003-09-05',398,597,'Houghton Mifflin Harcourt','eng','Novel'),(103,'The Lord of the Rings (The Lord of the Rings  #1-3)','2002-10-01',1216,1824,'Houghton Mifflin Harcourt','en-US','Novel'),(104,'The Lord of the Rings: Weapons and Warfare','2003-11-05',218,327,'Houghton Mifflin Harcourt','eng','Novel'),(105,'The Lord of the Rings: Complete Visual Companion','2004-11-15',224,336,'Houghton Mifflin Harcourt','eng','Novel'),(106,'Agile Web Development with Rails: A Pragmatic Guide','2005-07-28',558,837,'Pragmatic Bookshelf','eng','fiction'),(107,'Hatchet (Brian\'s Saga  #1)','2000-04-01',208,312,'Atheneum','eng','tech'),(108,'Hatchet: A Guide for Using \"Hatchet\" in the Classroom','1994-08-28',48,72,'Teacher Created Resources','eng','tech'),(109,'Guts: The True Stories behind Hatchet and the Brian Books','2001-01-23',144,216,'Delacorte Press','eng','Novel'),(110,'Molly Hatchet - 5 of the Best','2003-06-10',56,84,'Cherry Lane Music Company','eng','philosophy'),(111,'Hatchet Jobs: Writings on Contemporary Fiction','2005-11-01',228,342,'The New Press','en-US','tech'),(112,'A Changeling for All Seasons (Changeling Seasons #1)','2005-11-01',304,456,'Changeling Press','eng','tech'),(113,'Changeling (Changeling  #1)','2006-08-17',256,384,'Viking Juvenile','eng','tech'),(114,'The Changeling Sea','2003-04-14',137,206,'Firebird','eng','tech'),(115,'The Changeling','2004-06-08',228,342,'iUniverse','eng','tech'),(116,'The Changeling','2005-04-12',339,509,'Shambhala','eng','tech'),(117,'The Changeling (Daughters of England  #15)','1990-08-28',369,554,'Ivy Books','eng','nonfiction'),(118,'The Known World','2006-08-29',388,582,'Amistad','eng','fiction'),(119,'The Known World','2004-06-15',14,21,'HarperAudio','en-US','fiction'),(120,'The Known World','2004-06-15',576,864,'Harper','eng','fiction'),(121,'Traders  Guns & Money: Knowns and Unknowns in the Dazzling World of Derivatives','2006-05-15',334,501,'FT Press','eng','science'),(122,'Artesia: Adventures in the Known World','2005-12-14',352,528,'Archaia','eng','fiction'),(123,'The John McPhee Reader (John McPhee Reader  #1)','1982-06-01',416,624,'Farrar  Straus and Giroux','eng','nonfiction'),(124,'Uncommon Carriers','2006-05-16',248,372,'Farrar Straus Giroux','en-US','science'),(125,'Heirs of General Practice','1986-04-01',128,192,'Farrar  Straus and Giroux','eng','science'),(126,'The Control of Nature','1990-09-01',288,432,'Farrar  Straus and Giroux','en-US','fiction'),(127,'Annals of the Former World','1999-01-06',720,1080,'Farrar  Straus and Giroux','eng','fiction'),(128,'Coming Into the Country','1991-04-01',448,672,'Farrar  Straus and Giroux','eng','fiction'),(129,'La Place de la Concorde Suisse','1994-04-01',160,240,'Farrar  Straus and Giroux','fre','nonfiction'),(130,'Giving Good Weight','1994-04-01',288,432,'Farrar  Straus and Giroux','eng','philosophy'),(131,'Rising from the Plains','1987-11-01',208,312,'Farrar  Straus and Giroux','eng','fiction'),(132,'The Heidi Chronicles','2002-03-01',81,122,'Dramatists Play Service','eng','nonfiction'),(133,'The Heidi Chronicles: Uncommon Women and Others & Isn\'t It Romantic','1991-07-02',249,374,'Vintage','eng','fiction'),(134,'Active Literacy Across the Curriculum: Strategies for Reading  Writing  Speaking  and Listening','2006-03-29',138,207,'Routledge','eng','science'),(135,'Simply Beautiful Beaded Jewelry','2006-03-14',128,192,'North Light Books','en-US','science'),(136,'Always Enough: God\'s Miraculous Provision Among the Poorest Children on Earth','2003-09-01',192,288,'Chosen Books','eng','philosophy'),(137,'Mapping the Big Picture: Integrating Curriculum & Assessment K-12','1997-01-28',108,162,'Association for','en-US','fiction'),(138,'Heidi (Heidi  #1-2)','2002-11-15',352,528,'Kingfisher','eng','fiction'),(139,'Getting Results with Curriculum Mapping','2004-11-15',192,288,'ASCD','eng','nonfiction'),(140,'There\'s Always Enough: The Miraculous Move of God in Mozambique','2003-04-28',192,288,'Sovereign World','eng','fiction'),(141,'What to Expect the First Year (What to Expect)','2003-10-16',832,1248,'Workman Publishing Company','eng','fiction'),(142,'The Player\'s Handbook: The Ultimate Guide on Dating and Relationships','2004-05-10',123,185,'One Hour Entertainment','eng','fiction'),(143,'Simply Beautiful Beading: 53 Quick and Easy Projects','2004-08-19',128,192,'North Light Books','en-US','fiction'),(144,'God Emperor of Dune (Dune Chronicles  #4)','1987-06-15',423,635,'Ace Books','eng','nonfiction'),(145,'Chapterhouse: Dune (Dune Chronicles #6)','1987-07-01',436,654,'Ace Books','eng','nonfiction'),(146,'Dune Messiah (Dune Chronicles #2)','1987-07-15',331,497,'Ace Books','eng','tech'),(147,'Dreamer of Dune: The Biography of Frank Herbert','2004-07-01',592,888,'Tor Books','en-US','tech'),(148,'Heretics of Dune (Dune Chronicles  #5)','1984-04-16',480,720,'Putnam','eng','tech'),(149,'The Road to Dune','2006-08-29',426,639,'Tor Science Fiction','eng','tech'),(150,'Heretics of Dune (Dune Chronicles #5)','1987-08-15',471,707,'Ace Books','eng','tech'),(151,'The Lord of the Rings: The Art of the Fellowship of the Ring','2002-06-12',192,288,'Houghton Mifflin Harcourt','eng','tech'),(152,'The Power of One (The Power of One  #1)','1996-09-29',544,816,'Ballantine Books','eng','tech'),(153,'The Power of One (The Power of One  #1)','2005-09-13',291,437,'Delacorte Books for Young Readers','eng','tech'),(154,'The Power of One: One Person  One Rule  One Month','2004-11-01',256,384,'Thomas Nelson','en-US','fiction'),(155,'Power of an Hour: Business and Life Mastery in One Hour a Week','2006-05-19',205,308,'Wiley','eng','fiction'),(156,'The Power of One: The Solo Play for Playwrights  Actors  and Directors','2000-02-07',240,360,'Heinemann Drama','eng','fiction'),(157,'How to Buy  Sell & Profit on eBay: Kick-Start Your Home-Based Business in Just Thirty Days','2005-05-03',336,504,'William Morrow Paperbacks','eng','nonfiction'),(158,'eBay for Dummies','2006-10-30',386,579,'Wiley','eng','fiction'),(159,'What to Sell on ebay and Where to Get It: The Definitive Guide to Product Sourcing for eBay and Beyond','2006-01-24',260,390,'McGraw-Hill','eng','philosophy'),(160,'Starting an eBay Business for Dummies','2004-09-17',384,576,'Wiley','eng','fiction'),(161,'eBay: Top 100 Simplified Tips & Tricks','2006-06-06',260,390,'Wiley','eng','nonfiction'),(162,'ebay Timesaving Techniques for Dummies','2004-05-31',391,587,'Wiley','en-US','fiction'),(163,'eBay Business All-in-One Desk Reference for Dummies','2005-04-25',864,1296,'Wiley','en-US','nonfiction'),(164,'Ruby Cookbook','2006-07-29',873,1310,'O\'Reilly Media','eng','nonfiction'),(165,'Ruby Ann\'s Down Home Trailer Park Cookbook','2005-05-03',240,360,'Citadel','eng','nonfiction'),(166,'Ruby Ann\'s Down Home Trailer Park BBQin\' Cookbook','2005-05-03',206,309,'Citadel','eng','tech'),(167,'Rails Cookbook: Recipes for Rapid Web Development with Ruby','2007-01-01',514,771,'O\'Reilly Media','eng','nonfiction'),(168,'Anna Karenina','2004-05-31',838,1257,'Penguin Classics','eng','nonfiction'),(169,'Anna Karenina','2002-11-05',960,1440,'Signet','eng','nonfiction'),(170,'Anna Karenina','2003-01-30',837,1256,'Penguin Books','eng','nonfiction'),(171,'CliffsNotes on Tolstoy\'s Anna Karenina','1965-11-26',80,120,'Cliffs Notes','eng','philosophy'),(172,'Anna Karenina','2003-07-01',803,1205,'Barnes & Noble Classics','eng','nonfiction'),(173,'Anna Karenina','2004-11-23',752,1128,'Dover Publications','eng','nonfiction'),(174,'Anna Karenina','2004-08-26',803,1205,'Barnes & Noble','eng','nonfiction'),(175,'Dinner with Anna Karenina','2006-01-28',360,540,'Mira Books','eng','fiction'),(176,'Tolstoy: Anna Karenina','1987-11-26',128,192,'Cambridge University Press','eng','nonfiction'),(177,'Untouchable','1990-07-03',160,240,'Penguin Books','eng','fiction'),(178,'The Untouchable','1998-06-30',367,551,'Vintage','eng','nonfiction'),(179,'The Untouchables','1996-02-01',256,384,'Buccaneer Books','eng','fiction'),(180,'Untouchables: My Family\'s Triumphant Journey Out of the Caste System in Modern India','2005-09-27',320,480,'Scribner','en-US','philosophy'),(181,'Dalit: The Black Untaouchables of India','1995-01-28',100,150,'Clarity Press','eng','nonfiction'),(182,'Growing Up Untouchable in India: A Dalit Autobiography','2000-12-20',224,336,'Rowman & Littlefield Publishers','eng','nonfiction'),(183,'The Evidence-Based Social Work Skills Book','2003-09-22',216,324,'Pearson','eng','fiction'),(184,'A Wrinkle in Time: A Guide for Using \"A Wrinkle in Time\" in the Classroom','1991-09-28',48,72,'Teacher Created Resources','eng','science'),(185,'Wrinkles in Time','1994-10-01',360,540,'Harper Perennial','eng','science'),(186,'A Wrinkle in Time: With Related Readings (A Wrinkle in Time Quintet #1)','2002-05-01',250,375,'EMC/Paradigm Publishing','eng','science'),(187,'Literature Circle Guide: A Wrinkle in Time','2002-01-01',32,48,'Teaching Resources','eng','fiction'),(188,'Una arruga en el tiempo – A Wrinkle in Time','1984-06-01',205,308,'Turtleback Books','spa','fiction'),(189,'The Long Shadow (The Morland Dynasty  #6)','1994-06-01',367,551,'Little  Brown Book Group','eng','nonfiction'),(190,'A Long Shadow (Inspector Ian Rutledge  #8)','2006-01-03',352,528,'William Morrow','eng','fiction'),(191,'Long Way Round: Chasing Shadows Across the World','2005-11-01',320,480,'Atria Books','en-US','nonfiction'),(192,'A Shadow in Summer (Long Price Quartet  #1)','2006-03-07',331,497,'Tor Books','eng','philosophy'),(193,'New Hope for the Dead (Hoke Mosely #2)','2004-08-10',244,366,'Vintage Crime/Black Lizard','eng','nonfiction'),(194,'Sideswipe: A Hoke Moseley Novel','2005-03-08',215,323,'Vintage Crime/Black Lizard','eng','fiction'),(195,'Miami Blues (Hoke Moseley #1)','2004-08-10',191,287,'Vintage Crime/Black Lizard','eng','nonfiction'),(196,'The Burnt Orange Heresy (Vintage Crime/Black Lizard)','1990-10-03',144,216,'Vintage','eng','fiction'),(197,'I am Charlotte Simmons','2005-08-30',738,1107,'Picador USA','eng','fiction'),(198,'Poetry for Young People: Edward Lear','2001-10-01',48,72,'Sterling','eng','fiction'),(199,'The Puffin Book of Nonsense Verse','1996-10-03',287,431,'Puffin','eng','philosophy'),(200,'Henry Miller on Writing','1964-02-01',217,326,'New Directions Publishing','eng','nonfiction'),(201,'Quiet Days in Clichy','1994-01-13',154,231,'Grove Press','eng','fiction'),(202,'Tropic of Cancer','1994-01-06',318,477,'Grove Press','eng','science'),(203,'Tropic of Capricorn','1994-01-13',348,522,'Grove Press','eng','philosophy'),(204,'Nexus (The Rosy Crucifixion  #3)','1994-01-13',316,474,'Grove Press','eng','fiction'),(205,'Sexus (The Rosy Crucifixion  #1)','1994-01-12',506,759,'Grove Press','eng','science'),(206,'The Air-Conditioned Nightmare','1970-01-17',292,438,'New Directions','eng','nonfiction'),(207,'The Portrait of a Lady','2003-09-30',797,1196,'Penguin Classics','eng','nonfiction'),(208,'The Portrait of a Lady','2004-01-16',635,953,'Barnes  Noble Classics','eng','nonfiction'),(209,'Writing','1999-05-06',91,137,'Brookline Books','eng','nonfiction'),(210,'The War','1994-08-01',192,288,'The New Press','eng','fiction'),(211,'The Ravishing of Lol Stein','1986-03-12',181,272,'Pantheon','en-US','fiction'),(212,'Love Letters','1999-07-01',178,267,'One World (UK)','eng','nonfiction'),(213,'Kahlil Gibran: His Life and World','1998-04-01',464,696,'Interlink Publishing Group','eng','nonfiction'),(214,'The Beloved: Reflections on the Path of the Heart','1998-01-01',102,153,'Penguin Books','eng','philosophy'),(215,'Jesus the Son of Man','1995-02-21',216,324,'Knopf','eng','fiction'),(216,'The Broken Wings','2003-03-03',132,198,'Citadel','eng','nonfiction'),(217,'Sand and Foam','2011-06-14',100,150,'Knopf','eng','nonfiction'),(218,'Treasure Island','2001-09-15',311,467,'Kingfisher','eng','fiction'),(219,'Treasure Island','2004-10-01',213,320,'Sterling Children\'s Books','en-US','fiction'),(220,'Treasure Island','2005-06-01',245,368,'Simon & Schuster','eng','philosophy'),(221,'Treasure Island','2003-07-01',64,96,'Atheneum Books for Young Readers','eng','nonfiction'),(222,'Treasure Island','2002-09-03',272,408,'Gramercy Books','en-US','fiction'),(223,'Treasure Island (Great Illustrated Classics)','2006-01-31',232,348,'Abdo Publishing Company','eng','fiction'),(224,'100 Years of Lynchings','1996-11-22',270,405,'Black Classic Press','eng','science'),(225,'Cien años de soledad','1990-01-01',448,672,'French & European','spa','tech'),(226,'On Beyond Zebra!','1955-09-12',64,96,'Random House Books for Young Readers','eng','nonfiction'),(227,'The Wedding Clause','2005-06-07',256,384,'Zebra','eng','science'),(228,'The Zebra Wall','2005-02-15',147,221,'Greenwillow Books','eng','nonfiction'),(229,'El perfume: Historia de un asesino','2002-06-01',239,359,'Booket','spa','fiction'),(230,'The Door Into Summer','1997-06-17',304,456,'Del Rey','eng','fiction'),(231,'Stranger in a Strange Land','1991-10-01',528,792,'Ace','eng','fiction'),(232,'To Sail Beyond the Sunset','1988-06-01',434,651,'Ace Books','en-US','fiction'),(233,'Job: A Comedy of Justice','1985-10-12',439,659,'Del Rey','en-US','fiction'),(234,'Time for the Stars (Heinlein\'s Juveniles  #10)','2006-08-08',256,384,'Tor Books','eng','science'),(235,'The Long Dark Tea-Time of the Soul (Dirk Gently  #2)','1991-02-15',307,461,'Pocket Books','en-US','fiction'),(236,'The Salmon of Doubt (Dirk Gently  #3)','2005-04-26',298,447,'Del Rey','eng','fiction'),(237,'Wish You Were Here: The Official Biography of Douglas Adams','2005-12-27',368,552,'Del Rey','eng','fiction'),(238,'Douglas Adams\'s Starship Titanic','1998-10-27',256,384,'Ballantine Books','eng','fiction'),(239,'Salmon of Doubt: Hitchhiking the Galaxy One Last Time','2003-07-01',336,504,'Turtleback Books','eng','fiction'),(240,'The Phantom Tollbooth: A Children\'s Play in Two Acts','2011-01-12',72,108,'Samuel French  Inc.','eng','fiction'),(241,'On Bullshit','2005-01-30',67,101,'Princeton University Press','eng','fiction'),(242,'Another Bullshit Night in Suck City','2005-09-12',347,521,'W. W. Norton & Company','eng','nonfiction'),(243,'Lincoln at Gettysburg: The Words That Remade America','1993-06-12',317,476,'Simon & Schuster','en-US','science'),(244,'The Gettysburg Address','1998-02-02',32,48,'HMH Books for Young Readers','eng','science'),(245,'Underworld','1998-07-09',827,1241,'Scribner','eng','tech'),(246,'Libra','1991-05-01',480,720,'Penguin','eng','tech'),(247,'Americana','1989-07-06',377,566,'Penguin Books','eng','tech'),(248,'Running Dog','1989-07-17',256,384,'Vintage Contemporaries','eng','tech'),(249,'Cosmopolis','2004-04-06',224,336,'Scribner','eng','fiction'),(250,'Great Jones Street','1994-01-01',272,408,'Penguin Books','eng','nonfiction'),(251,'The Names','1989-07-17',339,509,'Vintage','eng','tech'),(252,'Against the Day','2006-11-21',1085,1628,'Penguin Press','eng','nonfiction'),(253,'V.','2005-07-05',547,821,'Harper Perennial Modern Classics','eng','nonfiction'),(254,'The Crying of Lot 49','1999-04-01',152,228,'Harper Perennial','eng','nonfiction'),(255,'Gravity\'s Rainbow','2000-01-01',784,1176,'Penguin Books','eng','nonfiction'),(256,'Mason & Dixon','2004-01-03',773,1160,'Picador USA','eng','nonfiction'),(257,'Vineland','1997-09-01',385,578,'Penguin Classics','en-US','nonfiction'),(258,'Gravity\'s Rainbow','2006-10-31',776,1164,'Penguin Books','eng','nonfiction'),(259,'Slow Learner: Early Stories','1985-04-30',193,290,'Back Bay Books','eng','fiction'),(260,'Been Down So Long It Looks Like Up To Me','1996-08-29',352,528,'Penguin Classics','eng','fiction'),(261,'The Year of Magical Thinking','2005-10-04',227,341,'Knopf Publishing Group','en-US','fiction'),(262,'The White Album','1990-10-01',222,333,'Farrar Straus Giroux','eng','fiction'),(263,'A Book of Common Prayer','1995-04-11',272,408,'Vintage International','eng','tech'),(264,'Where I Was From','2004-09-14',240,360,'Vintage','eng','tech'),(265,'Slouching Towards Bethlehem','1990-10-01',238,357,'Farrar Straus Giroux','eng','tech'),(266,'Democracy','1995-04-25',234,351,'Vintage International','en-US','tech'),(267,'We Tell Ourselves Stories in Order to Live: Collected Nonfiction','2006-10-17',1122,1683,'Everyman\'s Library','eng','fiction'),(268,'Play It As It Lays','2005-11-15',231,347,'Farrar  Straus and Giroux','eng','philosophy'),(269,'The New York Trilogy','2006-03-28',308,462,'Penguin Classics','eng','philosophy'),(270,'City of Glass (The New York Trilogy  #1)','1987-04-07',203,305,'Penguin Books','eng','science'),(271,'Ghosts (The New York Trilogy  #2)','1987-07-07',96,144,'Penguin Books','eng','tech'),(272,'The Locked Room (The New York Trilogy  #3)','1986-11-01',179,269,'Sun and Moon Press','eng','science'),(273,'Pyramids of Montauk: Explorations in Consciousness','1995-01-01',256,384,'Sky Books (NY)','eng','science'),(274,'The Brooklyn Follies','2006-10-17',306,459,'Picador','eng','science'),(275,'Moon Palace','1990-04-01',320,480,'Penguin Books','eng','nonfiction'),(276,'The Music of Chance','1991-12-01',217,326,'Penguin Books','en-US','philosophy'),(277,'Travels in the Scriptorium','2007-01-23',145,218,'Henry Holt & Company','eng','philosophy'),(278,'Leviathan','1993-09-01',275,413,'Penguin Books','eng','philosophy'),(279,'The Red Notebook: True Stories','2002-06-17',104,156,'New Directions','eng','nonfiction'),(280,'Timbuktu / Leviathan / Moon Palace','2002-11-07',1075,1613,'Actes Sud','fre','nonfiction'),(281,'Collapse: How Societies Choose to Fail or Succeed','2005-12-27',608,912,'Penguin Books Ltd. (London)','eng','nonfiction'),(282,'The Coming Economic Collapse: How You Can Thrive When Oil Costs $200 a Barrel','2006-02-01',211,317,'Business Plus','en-US','nonfiction'),(283,'Collapse of Complex Societies','1990-03-29',262,393,'Cambridge University Press','eng','nonfiction'),(284,'Bowling Alone: The Collapse and Revival of American Community','2001-08-07',544,816,'Simon  Schuster','eng','fiction'),(285,'The Collapse of the Common Good: How America\'s Lawsuit Culture Undermines Our Freedom','2002-01-29',272,408,'Ballantine Books','eng','fiction'),(286,'Reinventing the Enemy\'s Language: Contemporary Native Women\'s Writings of North America','1998-09-17',576,864,'W. W. Norton  Company','eng','fiction'),(287,'My Inventions','2006-05-17',88,132,'Filiquarian Publishing  LLC.','eng','fiction'),(288,'Wizard: The Life and Times of Nikola Tesla: Biography of a Genius','2001-02-01',542,813,'Citadel','eng','fiction'),(289,'Nikola Tesla: A Spark of Genius','1994-10-01',144,216,'Lerner Publications','eng','fiction'),(290,'Tesla Papers','2000-12-01',100,150,'Adventures Unlimited Press','eng','fiction'),(291,'Boys of Summer','2006-06-27',249,374,'Harlequin Blaze','eng','fiction'),(292,'Programming Ruby: The Pragmatic Programmers\' Guide','2004-10-11',828,1242,'Pragmatic Bookshelf','en-US','fiction'),(293,'Golding\'s Lord of the Flies (Cliffs Notes)','2000-06-13',112,168,'Cliffs Notes','eng','fiction'),(294,'Lord of the Flies','2005-10-11',6,9,'Listening Library (Audio)','eng','fiction'),(295,'A War Like No Other: How the Athenians & Spartans Fought the Peloponnesian War','2006-09-12',397,596,'Random House','eng','fiction'),(296,'We Were Not Like Other People','1989-01-01',216,324,'HarperCollins Publishers','eng','philosophy'),(297,'The Lovely Bones','2003-06-01',328,492,'Picador','en-GB','science'),(298,'The Lovely Bones','2004-04-01',532,798,'Large Print Press','en-US','tech'),(299,'Lovely in Her Bones (Elizabeth MacPherson  #2)','1990-05-13',224,336,'Ballantine Books','eng','fiction'),(300,'The Zen of CSS Design: Visual Enlightenment for the Web','2005-02-17',296,444,'Peachpit Press','en-US','science'),(301,'HTML  XHTML  and CSS (Visual Quickstart Guide)','2006-08-01',456,684,'Peachpit Press','en-US','science'),(302,'Advanced topics in economy','2009-06-04',364,869,'Oriley','en','science'),(303,'introduction to economy','2015-07-03',785,1520,'sage','en','science'),(304,'Behavioral economy','2010-05-03',486,786,'sage','en','science'),(305,'introduction to economics','1950-02-03',586,796,'sage','en','science');
/*!40000 ALTER TABLE `book` ENABLE KEYS */;
UNLOCK TABLES;

--
-- Table structure for table `book_author`
--

DROP TABLE IF EXISTS `book_author`;
/*!40101 SET @saved_cs_client     = @@character_set_client */;
/*!50503 SET character_set_client = utf8mb4 */;
CREATE TABLE `book_author` (
  `BookID` int NOT NULL,
  `AuthorID` int NOT NULL,
  PRIMARY KEY (`BookID`,`AuthorID`),
  KEY `Author_ID_idx` (`AuthorID`),
  KEY `BookID_idx` (`BookID`),
  CONSTRAINT `AuthorID` FOREIGN KEY (`AuthorID`) REFERENCES `author` (`Auther_ID`) ON DELETE CASCADE ON UPDATE CASCADE,
  CONSTRAINT `BookID` FOREIGN KEY (`BookID`) REFERENCES `book` (`Book_ID`) ON DELETE CASCADE ON UPDATE CASCADE
) ENGINE=InnoDB DEFAULT CHARSET=utf8mb4 COLLATE=utf8mb4_0900_ai_ci;
/*!40101 SET character_set_client = @saved_cs_client */;

--
-- Dumping data for table `book_author`
--

LOCK TABLES `book_author` WRITE;
/*!40000 ALTER TABLE `book_author` DISABLE KEYS */;
INSERT INTO `book_author` VALUES (1,1),(2,1),(3,1),(4,1),(5,1),(6,1),(7,1),(286,9),(287,10),(275,13),(299,15),(199,16),(102,19),(265,22),(51,26),(63,26),(292,28),(156,29),(124,32),(68,33),(51,35),(97,39),(59,40),(284,40),(33,41),(59,42),(39,45),(92,46),(174,48),(193,48),(138,49),(155,52),(180,53),(239,55),(90,59),(64,66),(96,67),(27,70),(65,71),(112,72),(133,74),(96,75),(70,78),(62,81),(190,83),(51,84),(222,91),(218,93),(249,95),(116,96),(159,98),(162,99),(41,100),(108,100),(248,101),(36,102),(189,103),(105,104),(272,105),(289,105),(110,108),(246,108),(214,109),(279,109),(31,111),(67,112),(85,116),(55,118),(259,118),(20,119),(74,120),(223,123),(168,124),(217,125),(100,127),(54,129),(131,129),(274,131),(60,134),(24,135),(210,135),(143,136),(258,137),(224,138),(298,140),(89,141),(146,141),(262,142),(123,144),(18,147),(113,148),(187,150),(84,156),(81,157),(270,157),(200,158),(103,159),(40,161),(101,163),(185,165),(250,167),(91,170),(28,171),(79,172),(76,173),(98,177),(160,179),(11,182),(166,185),(272,185),(255,186),(17,187),(212,188),(242,191),(158,192),(235,192),(198,200),(31,202),(118,202),(204,203),(276,206),(169,208),(109,212),(32,213),(142,214),(57,215),(46,216),(150,217),(139,218),(88,219),(206,220),(136,223),(69,225),(37,226),(254,227),(197,230),(226,233),(290,234),(238,235),(227,236),(261,237),(256,238),(229,240),(12,243),(234,245),(233,246),(66,247),(16,248),(194,249),(71,251),(43,253),(72,254),(80,255),(269,256),(131,257),(273,259),(83,261),(138,261),(140,263),(278,264),(257,265),(220,266),(280,273),(128,274),(236,275),(296,277),(13,278),(201,279),(216,280),(52,284),(47,286),(93,288),(277,292),(26,294),(231,297),(295,298),(302,305),(305,305),(303,306),(304,306);
/*!40000 ALTER TABLE `book_author` ENABLE KEYS */;
UNLOCK TABLES;

--
-- Table structure for table `book_student`
--

DROP TABLE IF EXISTS `book_student`;
/*!40101 SET @saved_cs_client     = @@character_set_client */;
/*!50503 SET character_set_client = utf8mb4 */;
CREATE TABLE `book_student` (
  `BookID` int NOT NULL,
  `StudentID` int NOT NULL,
  `Check_Out_Date` datetime DEFAULT NULL,
  `Return_Date` datetime DEFAULT NULL,
  `RowID` int NOT NULL,
  PRIMARY KEY (`BookID`,`StudentID`,`RowID`),
  KEY `StudentID_idx` (`StudentID`),
  CONSTRAINT `BooksID` FOREIGN KEY (`BookID`) REFERENCES `book` (`Book_ID`) ON DELETE CASCADE ON UPDATE CASCADE,
  CONSTRAINT `StudentID` FOREIGN KEY (`StudentID`) REFERENCES `student` (`Student_ID`) ON DELETE CASCADE ON UPDATE CASCADE
) ENGINE=InnoDB DEFAULT CHARSET=utf8mb4 COLLATE=utf8mb4_0900_ai_ci;
/*!40101 SET character_set_client = @saved_cs_client */;

--
-- Dumping data for table `book_student`
--

LOCK TABLES `book_student` WRITE;
/*!40000 ALTER TABLE `book_student` DISABLE KEYS */;
INSERT INTO `book_student` VALUES (8,4119583,'2017-07-07 00:00:00','2017-09-02 00:00:00',41),(10,4119604,'2012-12-27 00:00:00','2013-02-26 00:00:00',132),(12,4119595,'2010-11-04 00:00:00','2010-11-22 00:00:00',53),(13,4119591,'2010-04-02 00:00:00','2010-04-24 00:00:00',187),(15,4119580,'2015-05-14 00:00:00','2015-05-22 00:00:00',84),(16,4119589,'2017-12-28 00:00:00','2018-03-14 00:00:00',117),(17,4119599,'2020-07-29 00:00:00','2020-09-18 00:00:00',147),(20,4119607,'2019-05-15 00:00:00','2019-07-17 00:00:00',203),(22,4119590,'2022-01-14 00:00:00','2022-03-13 00:00:00',173),(26,4119587,'2018-11-02 00:00:00','2018-11-21 00:00:00',91),(28,4119596,'2021-12-28 00:00:00','2022-03-05 00:00:00',124),(29,4119581,'2017-04-25 00:00:00','2017-07-12 00:00:00',177),(30,4119596,'2022-04-07 00:00:00','2022-05-13 00:00:00',100),(32,4119608,'2011-12-19 00:00:00','2012-01-05 00:00:00',156),(33,4119583,'2016-04-14 00:00:00','2016-04-17 00:00:00',111),(34,4119588,'2019-05-15 00:00:00','2019-05-19 00:00:00',92),(36,4119596,'2019-03-07 00:00:00','2019-05-01 00:00:00',19),(38,4119609,'2014-04-25 00:00:00','2014-05-23 00:00:00',137),(39,4119599,'2010-09-01 00:00:00','2010-11-15 00:00:00',103),(40,4119594,'2021-05-19 00:00:00','2021-08-16 00:00:00',98),(42,4119585,'2016-12-26 00:00:00','2017-03-22 00:00:00',89),(43,4119600,'2020-03-20 00:00:00','2020-06-10 00:00:00',23),(45,4119590,'2021-12-16 00:00:00','2021-12-20 00:00:00',186),(46,4119584,'2018-09-28 00:00:00','2018-11-08 00:00:00',180),(48,4119595,'2018-06-20 00:00:00','2018-07-01 00:00:00',143),(49,4119604,'2010-09-08 00:00:00','2010-11-09 00:00:00',152),(50,4119578,'2015-12-08 00:00:00','2016-01-05 00:00:00',36),(52,4119583,'2016-04-19 00:00:00','2016-05-24 00:00:00',87),(53,4119578,'2010-01-19 00:00:00','2010-04-12 00:00:00',1),(55,4119603,'2010-02-18 00:00:00','2010-04-25 00:00:00',151),(56,4119581,'2014-04-04 00:00:00','2014-05-13 00:00:00',59),(57,4119594,'2018-01-02 00:00:00','2018-01-23 00:00:00',17),(59,4119585,'2017-06-01 00:00:00','2017-06-21 00:00:00',113),(60,4119598,'2019-11-25 00:00:00','2020-01-04 00:00:00',21),(61,4119612,'2015-11-24 00:00:00','2016-02-11 00:00:00',35),(64,4119589,'2019-12-16 00:00:00','2020-02-18 00:00:00',93),(66,4119612,'2012-09-03 00:00:00','2012-10-13 00:00:00',160),(67,4119605,'2013-03-14 00:00:00','2013-04-20 00:00:00',133),(68,4119605,'2012-08-08 00:00:00','2012-09-04 00:00:00',28),(70,4119582,'2017-05-25 00:00:00','2017-05-31 00:00:00',178),(71,4119597,'2014-03-10 00:00:00','2014-03-13 00:00:00',193),(72,4119579,'2012-08-08 00:00:00','2012-09-14 00:00:00',57),(73,4119600,'2011-01-04 00:00:00','2011-01-21 00:00:00',78),(74,4119581,'2015-06-12 00:00:00','2015-08-23 00:00:00',85),(76,4119611,'2015-06-03 00:00:00','2015-06-09 00:00:00',34),(77,4119600,'2015-06-12 00:00:00','2015-07-13 00:00:00',196),(78,4119584,'2018-05-08 00:00:00','2018-07-27 00:00:00',167),(81,4119593,'2021-01-19 00:00:00','2021-02-14 00:00:00',97),(82,4119588,'2019-05-07 00:00:00','2019-06-26 00:00:00',171),(83,4119588,'2021-10-11 00:00:00','2021-11-24 00:00:00',184),(84,4119578,'2022-01-21 00:00:00','2022-03-18 00:00:00',174),(85,4119604,'2016-12-26 00:00:00','2017-01-24 00:00:00',200),(86,4119598,'2010-04-06 00:00:00','2010-05-08 00:00:00',126),(89,4119610,'2020-12-17 00:00:00','2021-03-06 00:00:00',206),(90,4119597,'2010-02-04 00:00:00','2010-04-15 00:00:00',101),(91,4119594,'2021-09-09 00:00:00','2021-11-07 00:00:00',72),(93,4119600,'2021-03-31 00:00:00','2021-05-23 00:00:00',148),(95,4119587,'2021-09-09 00:00:00','2021-10-15 00:00:00',183),(96,4119580,'2015-10-07 00:00:00','2015-12-14 00:00:00',163),(98,4119611,'2012-06-13 00:00:00','2012-07-29 00:00:00',159),(99,4119603,'2012-05-28 00:00:00','2012-06-19 00:00:00',131),(100,4119595,'2021-10-11 00:00:00','2022-01-07 00:00:00',73),(101,4119584,'2016-02-22 00:00:00','2016-04-16 00:00:00',62),(102,4119586,'2019-04-04 00:00:00','2019-04-09 00:00:00',169),(103,4119592,'2010-11-17 00:00:00','2010-12-08 00:00:00',188),(104,4119585,'2018-10-31 00:00:00','2018-12-20 00:00:00',43),(105,4119586,'2020-10-29 00:00:00','2020-12-28 00:00:00',182),(106,4119580,'2010-11-29 00:00:00','2010-12-29 00:00:00',3),(107,4119610,'2015-02-10 00:00:00','2015-02-21 00:00:00',33),(108,4119586,'2017-09-06 00:00:00','2017-11-19 00:00:00',90),(109,4119597,'2021-12-31 00:00:00','2022-03-20 00:00:00',125),(111,4119606,'2011-08-25 00:00:00','2011-11-05 00:00:00',154),(112,4119598,'2014-10-07 00:00:00','2014-12-28 00:00:00',194),(116,4119594,'2018-06-14 00:00:00','2018-06-15 00:00:00',122),(117,4119603,'2011-10-07 00:00:00','2011-10-31 00:00:00',26),(118,4119578,'2012-08-02 00:00:00','2012-08-16 00:00:00',56),(119,4119606,'2013-03-18 00:00:00','2013-04-25 00:00:00',134),(120,4119611,'2015-04-13 00:00:00','2015-04-23 00:00:00',139),(123,4119587,'2017-03-14 00:00:00','2017-04-30 00:00:00',65),(124,4119580,'2012-06-22 00:00:00','2012-07-01 00:00:00',108),(125,4119595,'2020-12-17 00:00:00','2021-03-14 00:00:00',123),(126,4119608,'2019-12-16 00:00:00','2019-12-27 00:00:00',204),(127,4119589,'2017-05-25 00:00:00','2017-07-09 00:00:00',67),(129,4119587,'2019-04-17 00:00:00','2019-07-12 00:00:00',170),(131,4119596,'2011-04-27 00:00:00','2011-07-16 00:00:00',54),(132,4119589,'2015-12-08 00:00:00','2016-01-13 00:00:00',12),(134,4119590,'2018-06-08 00:00:00','2018-06-21 00:00:00',68),(135,4119584,'2017-07-20 00:00:00','2017-09-16 00:00:00',42),(136,4119593,'2010-03-19 00:00:00','2010-05-24 00:00:00',51),(137,4119598,'2020-07-14 00:00:00','2020-08-30 00:00:00',146),(138,4119596,'2018-08-22 00:00:00','2018-09-24 00:00:00',144),(140,4119597,'2021-12-16 00:00:00','2022-01-08 00:00:00',75),(141,4119582,'2017-04-17 00:00:00','2017-07-04 00:00:00',40),(142,4119598,'2010-05-19 00:00:00','2010-07-01 00:00:00',102),(144,4119599,'2010-08-25 00:00:00','2010-11-18 00:00:00',127),(145,4119612,'2021-01-19 00:00:00','2021-04-18 00:00:00',208),(146,4119592,'2016-06-08 00:00:00','2016-06-12 00:00:00',15),(147,4119603,'2013-11-26 00:00:00','2014-01-27 00:00:00',81),(148,4119593,'2018-04-16 00:00:00','2018-07-02 00:00:00',121),(149,4119604,'2012-06-29 00:00:00','2012-08-24 00:00:00',27),(150,4119585,'2020-04-07 00:00:00','2020-04-22 00:00:00',181),(151,4119607,'2014-01-21 00:00:00','2014-04-07 00:00:00',30),(152,4119595,'2018-05-01 00:00:00','2018-05-20 00:00:00',18),(154,4119603,'2016-07-21 00:00:00','2016-08-17 00:00:00',199),(156,4119586,'2016-10-04 00:00:00','2016-11-24 00:00:00',64),(157,4119605,'2011-06-06 00:00:00','2011-07-15 00:00:00',153),(158,4119602,'2012-03-07 00:00:00','2012-03-31 00:00:00',130),(159,4119599,'2010-11-17 00:00:00','2010-11-29 00:00:00',77),(161,4119591,'2018-01-09 00:00:00','2018-01-25 00:00:00',119),(162,4119606,'2018-11-02 00:00:00','2019-01-08 00:00:00',202),(163,4119597,'2011-12-28 00:00:00','2011-12-30 00:00:00',55),(165,4119600,'2010-11-15 00:00:00','2011-01-17 00:00:00',104),(166,4119588,'2015-08-03 00:00:00','2015-10-02 00:00:00',11),(167,4119600,'2010-09-06 00:00:00','2010-11-28 00:00:00',128),(170,4119578,'2013-12-13 00:00:00','2014-03-07 00:00:00',161),(171,4119581,'2016-06-15 00:00:00','2016-07-08 00:00:00',164),(172,4119596,'2013-11-26 00:00:00','2014-01-05 00:00:00',192),(173,4119584,'2016-12-26 00:00:00','2017-03-17 00:00:00',112),(174,4119599,'2015-05-14 00:00:00','2015-07-21 00:00:00',195),(175,4119580,'2016-05-03 00:00:00','2016-05-19 00:00:00',38),(177,4119602,'2022-04-29 00:00:00','2022-06-28 00:00:00',150),(178,4119591,'2016-02-02 00:00:00','2016-04-12 00:00:00',14),(179,4119591,'2020-12-17 00:00:00','2021-01-20 00:00:00',95),(182,4119580,'2017-03-14 00:00:00','2017-05-12 00:00:00',176),(183,4119597,'2019-10-09 00:00:00','2019-11-16 00:00:00',20),(184,4119587,'2014-02-24 00:00:00','2014-03-11 00:00:00',10),(185,4119595,'2021-06-09 00:00:00','2021-08-17 00:00:00',99),(186,4119601,'2011-09-15 00:00:00','2011-09-16 00:00:00',79),(187,4119579,'2022-02-28 00:00:00','2022-04-23 00:00:00',175),(188,4119578,'2014-03-10 00:00:00','2014-05-02 00:00:00',82),(189,4119608,'2014-06-04 00:00:00','2014-08-10 00:00:00',31),(190,4119602,'2022-01-20 00:00:00','2022-02-20 00:00:00',25),(191,4119608,'2014-02-03 00:00:00','2014-03-19 00:00:00',136),(192,4119583,'2015-02-05 00:00:00','2015-02-25 00:00:00',61),(194,4119606,'2013-07-31 00:00:00','2013-08-29 00:00:00',29),(200,4119590,'2018-01-02 00:00:00','2018-02-16 00:00:00',118),(202,4119607,'2013-12-11 00:00:00','2013-12-26 00:00:00',135),(203,4119579,'2012-01-25 00:00:00','2012-04-24 00:00:00',107),(206,4119592,'2018-01-16 00:00:00','2018-02-27 00:00:00',120),(208,4119590,'2016-01-19 00:00:00','2016-03-03 00:00:00',13),(209,4119586,'2013-06-24 00:00:00','2013-07-19 00:00:00',9),(210,4119583,'2012-12-10 00:00:00','2012-12-20 00:00:00',6),(212,4119590,'2021-12-21 00:00:00','2022-02-23 00:00:00',48),(213,4119593,'2020-10-29 00:00:00','2021-01-10 00:00:00',71),(214,4119610,'2012-05-03 00:00:00','2012-05-30 00:00:00',158),(215,4119592,'2022-03-23 00:00:00','2022-06-02 00:00:00',50),(216,4119596,'2021-12-10 00:00:00','2022-01-12 00:00:00',74),(217,4119578,'2011-11-11 00:00:00','2012-01-02 00:00:00',106),(218,4119582,'2015-12-04 00:00:00','2016-01-19 00:00:00',86),(219,4119582,'2013-05-09 00:00:00','2013-06-26 00:00:00',110),(220,4119585,'2016-07-05 00:00:00','2016-09-30 00:00:00',63),(221,4119601,'2021-06-01 00:00:00','2021-08-08 00:00:00',24),(222,4119581,'2016-11-04 00:00:00','2016-12-26 00:00:00',39),(223,4119589,'2021-09-06 00:00:00','2021-10-05 00:00:00',172),(224,4119601,'2015-12-04 00:00:00','2015-12-28 00:00:00',197),(225,4119587,'2021-03-15 00:00:00','2021-03-20 00:00:00',45),(226,4119586,'2020-10-15 00:00:00','2020-11-10 00:00:00',44),(227,4119610,'2014-07-07 00:00:00','2014-09-16 00:00:00',138),(229,4119609,'2014-07-17 00:00:00','2014-09-18 00:00:00',32),(230,4119607,'2011-10-26 00:00:00','2011-11-13 00:00:00',155),(233,4119580,'2013-02-05 00:00:00','2013-03-09 00:00:00',58),(234,4119585,'2018-05-30 00:00:00','2018-07-04 00:00:00',168),(235,4119591,'2018-09-28 00:00:00','2018-12-21 00:00:00',69),(236,4119586,'2017-06-28 00:00:00','2017-07-12 00:00:00',114),(237,4119597,'2019-07-23 00:00:00','2019-08-05 00:00:00',145),(240,4119579,'2014-10-07 00:00:00','2014-11-17 00:00:00',83),(242,4119609,'2020-11-06 00:00:00','2020-11-12 00:00:00',205),(243,4119594,'2011-09-15 00:00:00','2011-11-09 00:00:00',190),(244,4119605,'2017-09-06 00:00:00','2017-11-21 00:00:00',201),(245,4119602,'2013-02-06 00:00:00','2013-03-20 00:00:00',80),(246,4119583,'2017-11-24 00:00:00','2017-12-06 00:00:00',166),(247,4119601,'2011-05-31 00:00:00','2011-06-08 00:00:00',129),(248,4119579,'2015-05-13 00:00:00','2015-07-09 00:00:00',162),(250,4119579,'2016-01-27 00:00:00','2016-04-25 00:00:00',37),(253,4119592,'2021-01-01 00:00:00','2021-03-30 00:00:00',96),(254,4119598,'2010-04-02 00:00:00','2010-06-18 00:00:00',76),(255,4119588,'2021-09-10 00:00:00','2021-11-14 00:00:00',46),(256,4119582,'2017-04-14 00:00:00','2017-06-18 00:00:00',165),(257,4119601,'2021-08-12 00:00:00','2021-11-02 00:00:00',149),(259,4119593,'2011-01-04 00:00:00','2011-01-23 00:00:00',189),(260,4119602,'2016-04-19 00:00:00','2016-06-14 00:00:00',198),(261,4119612,'2016-12-30 00:00:00','2017-03-13 00:00:00',140),(263,4119581,'2013-03-05 00:00:00','2013-04-23 00:00:00',109),(264,4119609,'2011-12-26 00:00:00','2012-01-25 00:00:00',157),(265,4119588,'2017-04-25 00:00:00','2017-06-07 00:00:00',66),(266,4119589,'2021-09-16 00:00:00','2021-12-06 00:00:00',47),(267,4119582,'2012-03-22 00:00:00','2012-05-09 00:00:00',5),(268,4119593,'2017-08-01 00:00:00','2017-08-23 00:00:00',16),(272,4119599,'2020-01-27 00:00:00','2020-01-30 00:00:00',22),(273,4119583,'2018-06-08 00:00:00','2018-06-15 00:00:00',179),(274,4119595,'2013-02-06 00:00:00','2013-03-16 00:00:00',191),(275,4119584,'2016-07-21 00:00:00','2016-07-30 00:00:00',88),(277,4119594,'2017-10-25 00:00:00','2017-11-25 00:00:00',142),(278,4119593,'2017-07-04 00:00:00','2017-07-25 00:00:00',141),(279,4119590,'2020-11-06 00:00:00','2020-12-01 00:00:00',94),(280,4119601,'2011-08-18 00:00:00','2011-10-12 00:00:00',105),(281,4119585,'2013-03-06 00:00:00','2013-05-20 00:00:00',8),(282,4119581,'2012-02-24 00:00:00','2012-05-19 00:00:00',4),(284,4119589,'2021-12-10 00:00:00','2022-02-18 00:00:00',185),(286,4119591,'2022-01-27 00:00:00','2022-04-06 00:00:00',49),(287,4119584,'2013-02-28 00:00:00','2013-05-29 00:00:00',7),(288,4119592,'2020-04-07 00:00:00','2020-06-07 00:00:00',70),(289,4119579,'2010-07-09 00:00:00','2010-08-12 00:00:00',2),(292,4119582,'2014-08-13 00:00:00','2014-08-20 00:00:00',60),(293,4119611,'2021-01-01 00:00:00','2021-01-29 00:00:00',207),(294,4119587,'2017-08-31 00:00:00','2017-11-13 00:00:00',115),(297,4119588,'2017-10-05 00:00:00','2017-10-07 00:00:00',116),(298,4119594,'2010-07-05 00:00:00','2010-08-23 00:00:00',52),(305,4119592,'2010-07-09 00:00:00','2010-08-23 00:00:00',320),(305,4119592,'2017-10-05 00:00:00','2017-10-07 00:00:00',321),(305,4119601,'2020-04-07 00:00:00','2020-06-07 00:00:00',322);
/*!40000 ALTER TABLE `book_student` ENABLE KEYS */;
UNLOCK TABLES;

--
-- Table structure for table `student`
--

DROP TABLE IF EXISTS `student`;
/*!40101 SET @saved_cs_client     = @@character_set_client */;
/*!50503 SET character_set_client = utf8mb4 */;
CREATE TABLE `student` (
  `Student_ID` int NOT NULL AUTO_INCREMENT,
  `First_Name` varchar(50) DEFAULT NULL,
  `Last_Name` varchar(50) DEFAULT NULL,
  `Degree` varchar(50) DEFAULT NULL,
  `College` varchar(50) DEFAULT NULL,
  PRIMARY KEY (`Student_ID`)
) ENGINE=InnoDB AUTO_INCREMENT=4119617 DEFAULT CHARSET=utf8mb4 COLLATE=utf8mb4_0900_ai_ci;
/*!40101 SET character_set_client = @saved_cs_client */;

--
-- Dumping data for table `student`
--

LOCK TABLES `student` WRITE;
/*!40000 ALTER TABLE `student` DISABLE KEYS */;
INSERT INTO `student` VALUES (4119578,'student 1','A','Bachelor','Art'),(4119579,'student 2','B','Master','Business'),(4119580,'student 3','C','PHD','Engineering'),(4119581,'student 4','D','Bachelor','Education'),(4119582,'student 5','E','Master','Medicine'),(4119583,'student 6','F','PHD','Art'),(4119584,'student 7','G','Bachelor','Business'),(4119585,'student 8','H','Master','Engineering'),(4119586,'student 9','I','PHD','Education'),(4119587,'student 10','J','Bachelor','Medicine'),(4119588,'student 11','K','Master','Art'),(4119589,'student 12','L','PHD','Business'),(4119590,'student 13','M','Bachelor','Engineering'),(4119591,'student 14','N','Master','Education'),(4119592,'student 15','O','PHD','Medicine'),(4119593,'student 16','P','Bachelor','Art'),(4119594,'student 17','Q','Master','Business'),(4119595,'student 18','R','PHD','Engineering'),(4119596,'student 19','S','Bachelor','Education'),(4119597,'student 20','T','Master','Medicine'),(4119598,'student 21','U','PHD','Art'),(4119599,'student 22','V','Bachelor','Business'),(4119600,'student 23','W','Master','Engineering'),(4119601,'student 24','X','PHD','Education'),(4119602,'student 25','Y','Bachelor','Medicine'),(4119603,'student 26','Z','Master','Art'),(4119604,'student 27','D','Master','Business'),(4119605,'student 28','F','Master','Business'),(4119606,'student 29','B','Master','Business'),(4119607,'student 30','U','Bachelor','Medicine'),(4119608,'student 31','M','Bachelor','Medicine'),(4119609,'student 32','O','Bachelor','Art'),(4119610,'student 33','R','Bachelor','Art'),(4119611,'student 34','W','Master','Art'),(4119612,'student 35','Q','PHD','Engineering'),(4119613,'student 36','P','Master','Business'),(4119614,'student 37','E','PHD','Art'),(4119615,'student 38','Y','Bachelor','Medicine'),(4119616,'student 39','N','Bachelor','Business');
/*!40000 ALTER TABLE `student` ENABLE KEYS */;
UNLOCK TABLES;
/*!40103 SET TIME_ZONE=@OLD_TIME_ZONE */;

/*!40101 SET SQL_MODE=@OLD_SQL_MODE */;
/*!40014 SET FOREIGN_KEY_CHECKS=@OLD_FOREIGN_KEY_CHECKS */;
/*!40014 SET UNIQUE_CHECKS=@OLD_UNIQUE_CHECKS */;
/*!40101 SET CHARACTER_SET_CLIENT=@OLD_CHARACTER_SET_CLIENT */;
/*!40101 SET CHARACTER_SET_RESULTS=@OLD_CHARACTER_SET_RESULTS */;
/*!40101 SET COLLATION_CONNECTION=@OLD_COLLATION_CONNECTION */;
/*!40111 SET SQL_NOTES=@OLD_SQL_NOTES */;

-- Dump completed on 2023-05-20 18:44:31
